名称,英文,ID,重量 克
001P_Blackmores_澳佳宝VE面霜50g 维生素E补水润肤霜澳洲进口冰冰霜,Blackmores Vitamin E Cream 50G,55294,67
002P_swisse奶蓟草护肝片120粒解酒排毒滋补肝脏护肝养肝保肝,Swisse Ultiboost Liver Detox 120 Tablets,66552,160
003P_6_澳洲Goat Soap羊奶皂100g乘6块组合洁面洗脸控油补水纯手工天然皂,Goat Soap 100g,63753,100
005P_Healthy Care_葡萄籽皙颜精华胶囊12000mg 300粒 美白淡斑澳洲进口,Healthy Care Grape Seed Extract 12000 Gold Jar 300 Capsules,65467,235
006P_Healthy Care高浓缩蔓越莓胶囊90粒呵护泌尿系统保养卵巢,Healthy Care Super Cranberry 25000 90 Capsules,75459,150
007P_Healthy Care黑蜂胶软胶囊2000mg200粒提高免疫力降,Healthy Care Propolis 2000mg 200 Capsules,69367,426
008P_Cenovis无糖维生素C咀嚼片300片 天然美白维c提高免疫,Cenovis Vitamin C 500mg Sugarless 300 Tablets,47377,200
010P_Healthy Care大豆卵磷脂胶囊100粒血管清道夫 降三高,Healthy Care Lecithin 1200mg 100,70243,245
011P_swisse胶原蛋白液体口服液 血橙精华500ml美白美容养颜,Swisse Ultiboost Hair Skin Nails 500ml,63080,569
012P_healthy care澳洲进口深海鱼油软胶囊1000mg 400粒中老年调节三高,Healthy Care Fish Oil 1000mg 400 Capsules,52496,520
013P_Blackmores澳佳宝氨基葡萄糖氨糖维骨力 关节灵关节痛1500mg180粒,Blackmores Glucosamine Sulfate 1500mg One-A-Day 180 Tablets,58934,455
014P_bio island乳钙_婴幼儿童液体钙软胶囊 澳洲进口宝宝乳钙90粒,Bio Island Milk Calcium Kids 90 Capsules,75444,112
015P_Swisse活力胶原蛋白片 营养保健美白美容养颜 100粒,Swisse Ultiboost Hair Skin Nails+ 100 Tablets,58348,128
016P_Bio Island婴幼儿补锌小熊咀嚼片120粒,Bio Island Zinc 120 Chewable Tablets,75447,102
017P_Swisse 澳洲西芹籽 芹菜籽精华 5000mg 50粒辅助降尿酸缓解通风,Swisse Ultiboost High Strength Celery 5000 mg 50 Caps,74932,46
018P_Swisse叶绿素液梅子味500ml 清体排毒 抗氧化排毒养颜,Swisse Chlorophyll Mixed Berry 500ml,67493,568
019P_Blackmores_澳佳宝月见草油软胶囊190粒调节内分泌保养卵巢,Blackmores Evening Primrose Oil 190 Capsules,53030,318
020P_swisse蔓越莓胶囊30粒高浓度精华 呵护泌尿系统保养卵巢,"Swisse Ultiboost High Strength Cranberry 25,000mg 30 Capsules",67497,81
021P_Bio Island DHA海藻油胶囊60粒多种维他命儿童DHA,Bio Island DHA Kids 60 Capsules,75441,69
022P_sudocrem英国屁屁霜去黑头粉刺祛痘疤清毛孔膏状面膜125g,Sudocrem Healing Cream 125g for Nappy Rash,46349,152
023P_Healthy Care Q10辅酶Q10胶囊150mg100粒心脏保护神,Healthy Care CoEnzyme Q10 150mg 100 Capsules,67884,268
024P_Blackmores_澳佳宝无腥味深海鱼油软胶囊_护心脑_1000mg500粒,Blackmores Odourless Fish Oil 1000mg Bulk Pack 500 Capsules,66423,794
026P_Blackmores 澳佳宝芹菜籽50粒西芹籽 辅助降尿酸改善通风,Blackmores Celery 3000 50 Tablets,42131,166
027P_Vicks息可舒植物婴幼儿舒缓膏 通鼻膏baby balsam 50g,Vicks Vaporub Baby Balsam 50g,47951,73
028P_Bio Island鱼油Cod liver+fish Bio Island鳕鱼肝+鱼油90粒,Bio Island Cod Liver + Fish Oil 90 Kids Capsules,75439,89
030P_Swisse叶绿素薄荷味 排毒养颜清热排毒清肠,Swisse Chlorophyll Spearmint 500ml,58504,561
031P_Ostelin儿童钙维生素咀嚼片儿童钙儿童维生素天然钙50片,Ostelin Vitamin D & Calcium Kids Chewable 50,73151,100
032P_Blackmores澳佳宝孕妇黄金营养素180粒 含叶酸保护胎儿,Blackmores Pregnancy and Breastfeeding Gold 180 Capsules,50953,318
033P_Redwin纯天然茶树油洗发水250ml 深层清洁修护去油护发,Redwin Tea Tree Shampoo 250ml,73566,270
036P_Goat Soap润肤乳山羊奶保湿润肤乳身体乳抗敏感 500ml,Goat Lotion Moisturising 500ml,65445,550
037P_Ostelin VD 婴儿童液体维生素D滴剂补钙草莓味20ml,Ostelin Vitamin D Kids Liquid 20ml,64807,71
039P_Nature’s Way佳思敏儿童维生素软糖60粒装,Nature's Way Kids Smart Vita Gummies Immunity 60 Pastilles,67901,162
040P_Hydrodol解酒胶囊40粒醒酒片 增加酒量减轻宿醉解酒护肝,Hydrodol Value Pack 40 Capsules,77328,60
041P_Nature's Way佳思敏儿童维生素C+锌软糖 60粒 VC 补锌,Nature's Way Kids Smart Vita Gummies Vitamin C 60 Gummies,62713,158
044P_Ostelin奥斯特林成人青少年中老年钙片维生素D+钙 300片,Ostelin Vitamin D & Calcium 300 Tablets,68621,577
045P_Redwin 250ml 煤焦油洗发水 深层清洁修护发质,Redwin Coal Tar Shampoo 250ml,73567,300
046P_Nature's Way澳洲儿童深海鱼油软胶囊佳思敏高DHA水果味180粒,Nature's Way Kids Smart Omega 3 Fish Oil Trio 180 Capsules,59657,228
048P_Swisse无腥味深海鱼油软胶囊1000mg 500粒omega3调节三高,Swisse Ultiboost Odourless Wild Fish Oil 1000mg 500 Capsules Exclusive Size,72686,770
050P_Nature'sWay佳思敏宝宝偏食软糖 儿童维生素C、D3 60粒,Nature's Way Kids Smart Vita Gummies Multi Vitamin for Fussy Eaters 60 Pastilles,64966,160
051P_morning fresh超浓缩洗洁精 原味+澳橙茶树400ml,Morning Fresh Dishwashing Liquid Lemon 400ml,75517,900
052P_femfresh女性私处护理液250ml 孕妇洗液安全不刺激,Femfresh Daily Wash 250ml,74952,295
053P_Nature’s Way佳思敏多种维他命+蔬菜咀嚼软糖 60粒,Nature's Way Kids Smart Vita Gummies Multi Vitamin & Vegies 60 Gummies,62714,158
054P_healthy care澳洲深海鱼油400粒,Healthy Care Fish Oil 1000mg 400 Capsules,52496,
055P_DU'IT急救手膜手霜 150ml 深度修复裂痕 清爽不油腻,DUIT Tough Hands Intensive Repair 150ml,73481,171
057P_NaturesWay佳思敏儿童复合维生素软糖Omega3鱼油 60粒,Nature's Way Kids Smart Vita Gummies Omega 3 Fish Oil 60,62712,228
058P_DU'IT足膜防裂护脚膏_脚跟龟裂膏脚膜50ML护脚霜,DUIT Foot & Heel Balm Plus 50g,82750,80
062P_swisse葡萄籽精华美白淡斑祛痘抗氧化花青素180片,"Swisse Ultiboost Grape Seed 14,250mg 180 Tablets",73685,159
063P_Healthy Care 山羊奶片羊奶咀嚼片香草味/巧克力味 300粒低脂高钙,Healthy Care Goat Milk Vanilla/Chocolate Flavour Chewable 300 Tablets,75460,280
064P_Nature's Way儿童复合维生素+Omega 咀嚼软糖 50软糖,Nature's Way Kids Smart Vita Gummies Multi + Omega 50 Pastilles,71325,140
071P_Swisse sleep安定睡眠片100片褪黑素天然草本缓解紧张 快速睡眠,Swisse Ultiboost Sleep 100 Tablets,58108,169
073P_Ego QV cream雪花膏乳霜250 高度保湿面霜肌肤嫩滑,Ego QV Cream 250g Jar,4023,280
074P_swisse月见草油胶囊200粒调节女性内分泌 保养卵巢,Swisse Ultiboost Evening Primrose Oil 200 Capsules,70258,350
075P_Healthy Care角鲨烯软胶囊200粒 耐缺氧提高氧含量,Healthy Care Squalene 1000mg 200 Capsules,56238,381
076P_swisse纯天然番茄红素男性备孕前列康片50片缓解前列腺,Swisse Ultiboost Prostate 50 Tablets,56439,226
077P_Blackmores_澳佳宝鱼油软胶囊1000mg400粒调节三高护心脑,Blackmores Fish Oil 1000mg 400 Capsules,50010,635
078P_Goat wash羊奶沐浴露摩洛哥坚果味_孕妇敏感肌肤500ml,Goat Body Wash With Argan Oil 500ml,74351,700
079P_Menevit爱乐维男士备孕胶囊90粒备孕营养素提高精子活性,Menevit 90 Capsules,54596,170
080P_Swisse男士活力复合维生素片120片天然植物精华缓解压力,Swisse Men's Ultivite 120 Tablets,55511,240
081P_elevit爱乐维女性备孕孕妇营养复合维生素叶酸片100片,Elevit Tablets 100,72907,165
082P_Swisse女士多种综合复合维生素120片舒缓压力平衡营养,Swisse Women's Ultivite 120 Tablets,52658,235
084P_Blackmores澳佳宝圣洁莓40粒 呵护卵巢 远离经期紊乱,Blackmores Vitex Angus Castus 40 Tablets,44786,122
085P_Blackmores澳佳宝血糖平衡片90粒缓解降血糖降低胆固醇,Blackmores Sugar Balance 90 Tablets,61715,167
086P_Blackmores澳佳宝叶黄素护眼胶囊60粒保护视力缓解疲劳澳洲,Blackmores Lutein Defence 60 Tablets,70120,120
087P_Nature's Own圣洁莓胶囊1000mg60粒呵护卵巢远离经期紊乱澳洲进口,Nature's Own Vitex Agnus Castus 1000mg 60 Capsules,77671,120
088P_Phisohex抗菌祛痘洗面奶 补水保湿 深层清洁 200ml,Phisohex Antibacterial Face Wash 200ml,7119,240
089P_Maxigenes 美可卓山羊奶粉400g中老年学生奶粉,Maxigenes Goat Milk Powder 400g,78450,450
099P_bioisland孕妇DHA 海藻油孕期哺乳期营养维生素60粒,Bio Island DHA for Pregnancy 60 Softgel Capsules,75772,100
100P_Aveeno Baby艾维诺婴儿保湿天然燕麦润肤乳227ml,Aveeno Baby Daily Moisturing Lotion 227ml,60252,245
102P_ Aveeno 艾维诺婴儿天然燕麦洗发沐浴露二合一236ML,Aveeno Baby Wash & Shampoo 236mL,60251,266
103P_Life Space孕期＆哺乳期益生菌60粒,Life Space Pregnancy & Breastfeeding Probiotic 60 Capsules,76516,141
104P_Swisse小黄瓜深层清洁卸妆液脸部唇部温和卸妆水,Swisse Face Micellar Makeup Remover 300ml,72948,330
105P_Swiss叶绿素片 200粒排毒养颜清热排毒清肠,Swisse High Strength Chlorophyll+ 1000mg 200 Tablets,67492,241
106P_Banana Boat香蕉船SPF50+婴儿滚珠防晒霜75ml,Banana Boat SPF 50+ Kids 75ml Roll On,67660,107
107P_SUKIN苏芊泡沫洁面乳125ml美白保湿洗面奶,Sukin Foaming Facial Cleanser Pump 125ml,64421,150
108P_SUKIN苏芊保湿化妆水喷雾125ml,Sukin Hydrating Mist Toner 125ml,64422,150
109P_SUKIN苏芊 正常/敏感 肌肤面部保湿乳120ml,Sukin Sensitive Facial Moisturiser Pump 125ml,66385,150
110P_Banana Boat香蕉船日常防晒霜 美白保湿 SPF50+ 200g,Banana Boat SPF 50+ Everyday 200g Tube,73221,225
111P_木瓜霜 25g,Lucas Papaw Ointment 25g,41820,34
112P_木瓜霜 75g,Lucas Papaw Ointment 75g,31207,103
113P_木瓜霜 200g,Lucas Papaw Ointment 200g,31206,240
114P_Comvita康维他麦卢卡蜂蜜 Manuka Honey UMF 5+ 250g,"Comvita Active 5+ Manuka Honey 250g
",63786,300
115P_Comvita康维他麦卢卡蜂蜜 Manuka Honey UMF 5+ 500g,Comvita Active 5+ Manuka Honey 500g,64122,548
116P_Comvita康维他麦卢卡蜂蜜 Manuka Honey UMF 5+ 1kg,Comvita Active 5+ Manuka Honey 1g,63835,1060
117P_Comvita康维他麦卢卡蜂蜜 Manuka Honey UMF 10+ 250g,Comvita Active 10+ Manuka Honey 250g,64120,300
118P_Comvita康维他麦卢卡蜂蜜 Manuka Honey UMF 10+ 500g,Comvita Active 10+ Manuka Honey 500g,64119,548
119P_Comvita康维他麦卢卡蜂蜜 Manuka Honey UMF 15+ 500g,Comvita Active 15+ Manuka Honey 250g,64186,300
120P_雀巢Sustagen孕妇奶粉_提高免疫力全面营养,Sustagen Optimum 800g,69981,850
121P_雅培小安苏孕妇奶粉,Ensure Powder Vanilla 850g,81884,900
122P_百洛油 60ml,Bio Oil 60ml,44678,83
123P_百洛油 125ml,Bio Oil 125ml,49533,149
124P_百洛油 200ml,Bio Oil 200ml,53157,223
125P_Aerogard 无味驱蚊液 175ml,Aerogard Odourless Protection Pump 175ml,55537,185
126P_Aerogard 超持久驱蚊液 135ml,Aerogard Tropical Strength Pump 135mL,58596,145
127P_PediaSure 儿童成长奶粉 香草味 850g 婴儿儿童奶粉 儿科医师推荐 全面均衡营养发育 1-10岁,PediaSure Vanilla 850g,72519,1000
128P_Trilogy 玫瑰果油 20ml,Trilogy Rosehip Oil 20ml,63200,50
129P_Trilogy 玫瑰果油 45ml,Trilogy Rosehip Oil 45ml,63199,60
130P_Trilogy 有机抗氧玫瑰果油 30ml,Trilogy Rosehip Oil Antioxidant + 30ml,66097,50
131P_Trilogy 玫瑰果油护肤礼盒,Trilogy Rosapene Regime Gift Set,81414,350
066P_澳洲Goat wash羊奶沐浴露麦卢卡蜂蜜味保湿孕妇敏感肌肤500ml,Goat Body Wash with Manuka Honey 500ml,71456,700
068P_澳洲Goat wash羊奶椰子油沐浴露_滋润保湿孕妇敏感肌肤500ml,Goat Body Wash With Coconut Oil 500ml,74262,700
070P_澳洲Goat wash燕麦味羊奶沐浴露_滋润保湿孕妇敏感肌肤500ml,Goat Body Wash With Oatmeal 500ml,74352,700
072P_EGO QV宝宝面霜 儿童雪花膏_雪花霜100g明星面霜,Ego QV Kids Cream 100g,43073,170
101P_飞利浦Avent新安怡自然原生宽口径 260ml 婴幼儿PP奶瓶2只1月+,Avent Bottle PP 260Ml Triple Pack,61598,260
137P_Infacol 婴儿胀气滴露 71元,Infacol Wind Drops 30mL,34606,70
138P_Medela 美德乐 单 电动吸奶器 1350元,Medela Swing Maxi Double Electric Breastpump,74500,680
139P_Medela 美德乐 双 电动吸奶器 1805元,Medela Swing Breastpump,50736,2800
140P_Medela 美德乐 手动吸奶器 475元,Medela Breast Pump Harmony,49275,350
141P_香蕉船 脸部防晒霜 Banana Boat SPF 50+ Faces 100g 88元,Banana Boat SPF 50+ Faces 100g,69623,160
142P_Maxigenes 美可卓绵羊奶粉400g中老年学生奶粉 193元,Maxigenes Sheep Milk Powder 400g,78451,500
146P_Life space 益生菌 300亿益生菌每粒 60粒 171元,Life Space Broad Spectrum Probiotic 60 Capsules,76272,200
147P_乐康膏 通便排毒 500g 50天 107元,Nulax Fruit Laxative 500g,6741,600
148P_Oral B 敏感 电动牙刷 加2牙刷头 295元,Oral B Vitality Sensitive Clean Electric Toothbrush,63293,350
149P_Oral B 洁白 电动牙刷 加2牙刷头 330元,Oral B Vitality Pro White Electric Toothbrush +2 Refills,58626,350
150P_Oral B 精准 电动牙刷 加2牙刷头 295元,Oral B Vitality Precision Clean Electric Toothbrush +2 Refills,58568,350
151P_Healthy Care Bilberry Lutein越橘叶黄素护眼120粒 198元,Healthy Care Bilberry Lutein 120,70246,300
152P_Life space 儿童益生菌 60g 每次2g 207元,Life Space Probiotic Powder For Children New Formula 60g,80232,200
153P_Blackmores Lyprinol Double 风湿关节炎克星胶囊 双倍 264元,Blackmores Lyprinol Double 30,69687,50